iter	Logloss
0	0.6704802812
1	0.6494464815
